ticker,year,annual_return_pct
AAPL,2000,-73.42
AAPL,2001,47.23
AAPL,2002,-38.5
AAPL,2003,44.39
AAPL,2004,202.63
AAPL,2005,127.18
AAPL,2006,13.5
AAPL,2007,136.37
AAPL,2008,-56.19
AAPL,2009,132.21
AAPL,2010,50.72
AAPL,2011,22.89
AAPL,2012,30.56
AAPL,2013,4.75
AAPL,2014,42.63
AAPL,2015,-2.08
AAPL,2016,12.38
AAPL,2017,48.04
AAPL,2018,-7.05
AAPL,2019,88.74
AAPL,2020,78.24
AAPL,2021,38.06
AAPL,2022,-28.2
AAPL,2023,54.8
AAPL,2024,35.56
AAPL,2025,11.99
AAPL,2026,-4.25
ABBV,2013,56.38
ABBV,2014,29.96
ABBV,2015,-7.14
ABBV,2016,12.9
ABBV,2017,60.61
ABBV,2018,-2.67
ABBV,2019,4.83
ABBV,2020,26.28
ABBV,2021,34.61
ABBV,2022,23.99
ABBV,2023,-0.71
ABBV,2024,15.25
ABBV,2025,31.79
ABBV,2026,-1.96
AMD,2000,-10.89
AMD,2001,10.33
AMD,2002,-60.59
AMD,2003,112.55
AMD,2004,48.18
AMD,2005,42.92
AMD,2006,-37.19
AMD,2007,-61.58
AMD,2008,-69.75
AMD,2009,306.72
AMD,2010,-15.67
AMD,2011,-36.25
AMD,2012,-56.2
AMD,2013,52.96
AMD,2014,-32.41
AMD,2015,7.49
AMD,2016,309.39
AMD,2017,-10.06
AMD,2018,68.12
AMD,2019,143.55
AMD,2020,86.78
AMD,2021,55.9
AMD,2022,-56.89
AMD,2023,130.26
AMD,2024,-12.84
AMD,2025,77.53
AMD,2026,5.93
AMZN,2000,-82.59
AMZN,2001,-22.02
AMZN,2002,72.35
AMZN,2003,168.88
AMZN,2004,-14.66
AMZN,2005,5.91
AMZN,2006,-17.07
AMZN,2007,139.38
AMZN,2008,-46.72
AMZN,2009,147.46
AMZN,2010,34.43
AMZN,2011,-6.04
AMZN,2012,40.13
AMZN,2013,54.98
AMZN,2014,-22.02
AMZN,2015,119.07
AMZN,2016,17.72
AMZN,2017,55.17
AMZN,2018,26.32
AMZN,2019,20.06
AMZN,2020,71.6
AMZN,2021,4.64
AMZN,2022,-50.71
AMZN,2023,77.04
AMZN,2024,46.33
AMZN,2025,4.81
AMZN,2026,5.65
BA,2000,66.23
BA,2001,-36.59
BA,2002,-11.85
BA,2003,27.01
BA,2004,25.33
BA,2005,40.08
BA,2006,28.03
BA,2007,-0.48
BA,2008,-49.58
BA,2009,24.27
BA,2010,19.07
BA,2011,13.17
BA,2012,3.98
BA,2013,80.62
BA,2014,-2.67
BA,2015,14.09
BA,2016,14.55
BA,2017,93.11
BA,2018,10.78
BA,2019,2.92
BA,2020,-35.4
BA,2021,-0.69
BA,2022,-8.36
BA,2023,33.4
BA,2024,-29.69
BA,2025,26.33
BA,2026,2.61
BAC,2000,-1.04
BAC,2001,40.03
BAC,2002,14.53
BAC,2003,18.27
BAC,2004,23.58
BAC,2005,3.57
BAC,2006,18.32
BAC,2007,-18.74
BAC,2008,-62.46
BAC,2009,5.61
BAC,2010,-14.72
BAC,2011,-60.63
BAC,2012,101.14
BAC,2013,29.81
BAC,2014,11.93
BAC,2015,-4.83
BAC,2016,36.62
BAC,2017,33.1
BAC,2018,-16.08
BAC,2019,44.32
BAC,2020,-12.67
BAC,2021,51.0
BAC,2022,-26.61
BAC,2023,3.61
BAC,2024,32.95
BAC,2025,27.06
BAC,2026,-4.92
CAT,2000,0.78
CAT,2001,16.1
CAT,2002,-8.71
CAT,2003,78.23
CAT,2004,20.27
CAT,2005,23.77
CAT,2006,7.8
CAT,2007,20.82
CAT,2008,-35.08
CAT,2009,26.86
CAT,2010,64.04
CAT,2011,-1.97
CAT,2012,-2.06
CAT,2013,-0.88
CAT,2014,4.56
CAT,2015,-23.27
CAT,2016,42.04
CAT,2017,72.71
CAT,2018,-17.27
CAT,2019,20.17
CAT,2020,24.56
CAT,2021,15.87
CAT,2022,18.45
CAT,2023,26.31
CAT,2024,25.92
CAT,2025,61.64
CAT,2026,10.11
COP,2000,29.13
COP,2001,8.22
COP,2002,-17.24
COP,2003,37.15
COP,2004,35.76
COP,2005,41.26
COP,2006,21.66
COP,2007,32.33
COP,2008,-39.51
COP,2009,-2.93
COP,2010,34.75
COP,2011,10.76
COP,2012,7.28
COP,2013,24.46
COP,2014,2.78
COP,2015,-28.86
COP,2016,9.69
COP,2017,10.91
COP,2018,14.73
COP,2019,4.9
COP,2020,-36.46
COP,2021,88.58
COP,2022,67.99
COP,2023,6.38
COP,2024,-13.3
COP,2025,-3.23
COP,2026,7.79
CSCO,2000,-29.21
CSCO,2001,-45.64
CSCO,2002,-31.88
CSCO,2003,77.64
CSCO,2004,-20.33
CSCO,2005,-11.39
CSCO,2006,56.62
CSCO,2007,-2.38
CSCO,2008,-38.58
CSCO,2009,41.16
CSCO,2010,-18.06
CSCO,2011,-10.76
CSCO,2012,7.95
CSCO,2013,12.77
CSCO,2014,29.49
CSCO,2015,0.69
CSCO,2016,17.49
CSCO,2017,29.89
CSCO,2018,14.89
CSCO,2019,14.82
CSCO,2020,-5.1
CSCO,2021,47.19
CSCO,2022,-22.2
CSCO,2023,8.61
CSCO,2024,21.02
CSCO,2025,33.7
CSCO,2026,3.0
CVX,2000,4.15
CVX,2001,7.37
CVX,2002,-22.98
CVX,2003,32.69
CVX,2004,26.27
CVX,2005,15.07
CVX,2006,28.47
CVX,2007,35.26
CVX,2008,-18.44
CVX,2009,4.46
CVX,2010,19.73
CVX,2011,19.38
CVX,2012,1.28
CVX,2013,16.88
CVX,2014,-6.41
CVX,2015,-16.47
CVX,2016,38.37
CVX,2017,10.45
CVX,2018,-11.44
CVX,2019,13.29
CVX,2020,-26.51
CVX,2021,45.79
CVX,2022,55.92
CVX,2023,-10.9
CVX,2024,1.07
CVX,2025,8.7
CVX,2026,13.47
DIS,2000,-2.47
DIS,2001,-25.05
DIS,2002,-23.01
DIS,2003,36.45
DIS,2004,18.5
DIS,2005,-13.02
DIS,2006,41.72
DIS,2007,-3.29
DIS,2008,-27.67
DIS,2009,36.38
DIS,2010,18.24
DIS,2011,0.82
DIS,2012,31.96
DIS,2013,51.36
DIS,2014,25.07
DIS,2015,13.46
DIS,2016,2.72
DIS,2017,2.92
DIS,2018,-0.37
DIS,2019,34.35
DIS,2020,22.25
DIS,2021,-12.83
DIS,2022,-44.58
DIS,2023,1.81
DIS,2024,23.87
DIS,2025,3.8
DIS,2026,0.85
GE,2000,-3.05
GE,2001,-6.93
GE,2002,-39.01
GE,2003,24.94
GE,2004,20.13
GE,2005,-1.67
GE,2006,8.35
GE,2007,0.63
GE,2008,-53.55
GE,2009,-6.86
GE,2010,21.72
GE,2011,1.39
GE,2012,18.61
GE,2013,35.6
GE,2014,-4.86
GE,2015,28.6
GE,2016,6.12
GE,2017,-43.08
GE,2018,-56.7
GE,2019,44.76
GE,2020,-9.01
GE,2021,13.14
GE,2022,-12.56
GE,2023,92.97
GE,2024,67.02
GE,2025,83.75
GE,2026,-4.35
GOOGL,2004,92.14
GOOGL,2005,104.66
GOOGL,2006,5.8
GOOGL,2007,47.88
GOOGL,2008,-55.1
GOOGL,2009,92.95
GOOGL,2010,-5.23
GOOGL,2011,6.88
GOOGL,2012,6.31
GOOGL,2013,54.95
GOOGL,2014,-4.75
GOOGL,2015,46.92
GOOGL,2016,4.35
GOOGL,2017,30.37
GOOGL,2018,-2.63
GOOGL,2019,26.99
GOOGL,2020,28.05
GOOGL,2021,67.83
GOOGL,2022,-39.15
GOOGL,2023,56.74
GOOGL,2024,37.5
GOOGL,2025,65.88
GOOGL,2026,7.25
GS,2000,21.71
GS,2001,-7.0
GS,2002,-24.62
GS,2003,43.04
GS,2004,8.25
GS,2005,22.81
GS,2006,55.98
GS,2007,7.85
GS,2008,-59.0
GS,2009,97.02
GS,2010,-1.92
GS,2011,-47.13
GS,2012,35.98
GS,2013,36.41
GS,2014,11.02
GS,2015,-6.07
GS,2016,37.28
GS,2017,6.79
GS,2018,-33.76
GS,2019,36.41
GS,2020,15.25
GS,2021,46.89
GS,2022,-10.85
GS,2023,14.95
GS,2024,51.04
GS,2025,56.0
GS,2026,2.3
HD,2000,-29.67
HD,2001,12.5
HD,2002,-52.04
HD,2003,43.89
HD,2004,23.09
HD,2005,-5.15
HD,2006,-0.85
HD,2007,-32.67
HD,2008,-8.57
HD,2009,24.56
HD,2010,26.09
HD,2011,22.62
HD,2012,49.98
HD,2013,32.41
HD,2014,30.75
HD,2015,30.44
HD,2016,4.47
HD,2017,44.37
HD,2018,-6.56
HD,2019,30.11
HD,2020,23.78
HD,2021,60.53
HD,2022,-20.76
HD,2023,12.75
HD,2024,15.49
HD,2025,-9.21
HD,2026,8.32
INTC,2000,-30.8
INTC,2001,1.51
INTC,2002,-52.65
INTC,2003,92.75
INTC,2004,-26.82
INTC,2005,9.64
INTC,2006,-19.17
INTC,2007,33.57
INTC,2008,-40.59
INTC,2009,38.79
INTC,2010,3.83
INTC,2011,20.43
INTC,2012,-13.05
INTC,2013,26.27
INTC,2014,45.17
INTC,2015,-2.4
INTC,2016,10.23
INTC,2017,29.69
INTC,2018,2.69
INTC,2019,30.3
INTC,2020,-16.08
INTC,2021,6.37
INTC,2022,-48.36
INTC,2023,92.38
INTC,2024,-57.49
INTC,2025,82.49
INTC,2026,18.0
JNJ,2000,15.56
JNJ,2001,17.42
JNJ,2002,-7.25
JNJ,2003,-4.94
JNJ,2004,25.17
JNJ,2005,-2.56
JNJ,2006,9.64
JNJ,2007,3.02
JNJ,2008,-6.61
JNJ,2009,9.76
JNJ,2010,-1.0
JNJ,2011,8.19
JNJ,2012,10.34
JNJ,2013,33.22
JNJ,2014,18.06
JNJ,2015,1.19
JNJ,2016,17.9
JNJ,2017,23.75
JNJ,2018,-4.8
JNJ,2019,17.4
JNJ,2020,10.75
JNJ,2021,12.06
JNJ,2022,5.68
JNJ,2023,-9.37
JNJ,2024,-6.73
JNJ,2025,48.09
JNJ,2026,9.6
JPM,2000,-4.14
JPM,2001,-14.64
JPM,2002,-31.42
JPM,2003,49.34
JPM,2004,9.26
JPM,2005,5.35
JPM,2006,24.08
JPM,2007,-7.09
JPM,2008,-23.19
JPM,2009,33.51
JPM,2010,-0.63
JPM,2011,-22.05
JPM,2012,29.45
JPM,2013,33.7
JPM,2014,9.68
JPM,2015,7.83
JPM,2016,38.7
JPM,2017,25.39
JPM,2018,-7.5
JPM,2019,44.75
JPM,2020,-6.67
JPM,2021,28.96
JPM,2022,-14.45
JPM,2023,29.64
JPM,2024,42.63
JPM,2025,37.1
JPM,2026,-5.59
MCD,2000,-13.63
MCD,2001,-20.32
MCD,2002,-38.45
MCD,2003,52.37
MCD,2004,31.73
MCD,2005,8.15
MCD,2006,35.48
MCD,2007,37.81
MCD,2008,10.1
MCD,2009,1.42
MCD,2010,26.26
MCD,2011,34.94
MCD,2012,-7.89
MCD,2013,11.19
MCD,2014,0.54
MCD,2015,31.04
MCD,2016,6.71
MCD,2017,47.6
MCD,2018,5.11
MCD,2019,14.95
MCD,2020,9.53
MCD,2021,30.44
MCD,2022,0.32
MCD,2023,14.71
MCD,2024,-0.04
MCD,2025,6.92
MCD,2026,3.87
META,2012,-30.37
META,2013,95.18
META,2014,42.61
META,2015,33.41
META,2016,12.55
META,2017,51.0
META,2018,-27.74
META,2019,51.28
META,2020,30.21
META,2021,25.07
META,2022,-64.45
META,2023,183.76
META,2024,69.73
META,2025,10.5
META,2026,10.16
MS,2000,18.59
MS,2001,-21.19
MS,2002,-26.24
MS,2003,40.76
MS,2004,-0.72
MS,2005,3.55
MS,2006,41.99
MS,2007,-20.47
MS,2008,-67.52
MS,2009,77.77
MS,2010,-11.31
MS,2011,-45.93
MS,2012,20.4
MS,2013,61.13
MS,2014,26.41
MS,2015,-16.55
MS,2016,37.5
MS,2017,24.25
MS,2018,-22.35
MS,2019,30.21
MS,2020,35.65
MS,2021,47.08
MS,2022,-12.16
MS,2023,13.0
MS,2024,38.76
MS,2025,46.26
MS,2026,1.05
MSFT,2000,-62.79
MSFT,2001,52.74
MSFT,2002,-22.88
MSFT,2003,2.8
MSFT,2004,8.81
MSFT,2005,-1.01
MSFT,2006,12.86
MSFT,2007,20.84
MSFT,2008,-43.79
MSFT,2009,53.44
MSFT,2010,-7.94
MSFT,2011,-4.75
MSFT,2012,2.6
MSFT,2013,39.54
MSFT,2014,28.42
MSFT,2015,21.88
MSFT,2016,16.51
MSFT,2017,39.74
MSFT,2018,20.22
MSFT,2019,58.26
MSFT,2020,39.94
MSFT,2021,55.79
MSFT,2022,-27.69
MSFT,2023,58.35
MSFT,2024,14.5
MSFT,2025,16.39
MSFT,2026,-9.02
NFLX,2002,-34.27
NFLX,2003,377.64
NFLX,2004,-55.02
NFLX,2005,127.01
NFLX,2006,-0.73
NFLX,2007,0.04
NFLX,2008,13.43
NFLX,2009,84.43
NFLX,2010,228.53
NFLX,2011,-61.16
NFLX,2012,28.17
NFLX,2013,300.14
NFLX,2014,-5.85
NFLX,2015,129.45
NFLX,2016,12.59
NFLX,2017,50.57
NFLX,2018,33.12
NFLX,2019,20.89
NFLX,2020,63.95
NFLX,2021,15.22
NFLX,2022,-50.64
NFLX,2023,65.07
NFLX,2024,90.25
NFLX,2025,5.74
NFLX,2026,-8.24
NKE,2000,16.7
NKE,2001,4.47
NKE,2002,-21.47
NKE,2003,49.33
NKE,2004,34.87
NKE,2005,-3.69
NKE,2006,16.09
NKE,2007,33.12
NKE,2008,-18.13
NKE,2009,26.91
NKE,2010,32.69
NKE,2011,13.59
NKE,2012,8.17
NKE,2013,53.78
NKE,2014,24.39
NKE,2015,32.94
NKE,2016,-16.39
NKE,2017,21.94
NKE,2018,18.09
NKE,2019,38.24
NKE,2020,39.74
NKE,2021,19.86
NKE,2022,-28.18
NKE,2023,-7.39
NKE,2024,-27.76
NKE,2025,-11.49
NKE,2026,-2.32
NVDA,2000,39.99
NVDA,2001,346.93
NVDA,2002,-82.9
NVDA,2003,88.46
NVDA,2004,2.08
NVDA,2005,55.05
NVDA,2006,93.67
NVDA,2007,41.44
NVDA,2008,-75.55
NVDA,2009,114.47
NVDA,2010,-16.71
NVDA,2011,-12.39
NVDA,2012,-12.11
NVDA,2013,28.7
NVDA,2014,28.68
NVDA,2015,66.45
NVDA,2016,232.92
NVDA,2017,90.43
NVDA,2018,-32.85
NVDA,2019,73.41
NVDA,2020,118.02
NVDA,2021,124.48
NVDA,2022,-51.44
NVDA,2023,246.1
NVDA,2024,178.87
NVDA,2025,34.88
NVDA,2026,1.21
PFE,2000,45.58
PFE,2001,-12.71
PFE,2002,-22.25
PFE,2003,14.16
PFE,2004,-22.78
PFE,2005,-9.14
PFE,2006,13.03
PFE,2007,-9.5
PFE,2008,-17.61
PFE,2009,4.88
PFE,2010,-3.61
PFE,2011,27.55
PFE,2012,18.62
PFE,2013,22.16
PFE,2014,5.86
PFE,2015,6.47
PFE,2016,5.5
PFE,2017,14.08
PFE,2018,24.07
PFE,2019,-6.05
PFE,2020,3.17
PFE,2021,66.7
PFE,2022,-6.61
PFE,2023,-41.29
PFE,2024,-5.31
PFE,2025,0.34
PFE,2026,6.76
SBUX,2000,79.47
SBUX,2001,-9.42
SBUX,2002,4.46
SBUX,2003,56.42
SBUX,2004,89.49
SBUX,2005,-1.83
SBUX,2006,14.74
SBUX,2007,-41.93
SBUX,2008,-51.01
SBUX,2009,134.35
SBUX,2010,41.3
SBUX,2011,40.47
SBUX,2012,20.16
SBUX,2013,44.42
SBUX,2014,7.92
SBUX,2015,49.32
SBUX,2016,-3.28
SBUX,2017,5.68
SBUX,2018,14.34
SBUX,2019,39.26
SBUX,2020,22.2
SBUX,2021,15.33
SBUX,2022,-12.96
SBUX,2023,-2.78
SBUX,2024,-0.04
SBUX,2025,-6.21
SBUX,2026,9.5
T,2000,4.52
T,2001,-19.87
T,2002,-28.81
T,2003,-2.9
T,2004,5.16
T,2005,2.71
T,2006,54.2
T,2007,24.86
T,2008,-25.92
T,2009,3.5
T,2010,11.73
T,2011,10.01
T,2012,18.97
T,2013,7.44
T,2014,3.01
T,2015,9.4
T,2016,32.22
T,2017,-3.57
T,2018,-20.08
T,2019,43.45
T,2020,-19.19
T,2021,-8.07
T,2022,2.99
T,2023,-4.44
T,2024,40.17
T,2025,13.68
T,2026,7.97
TMO,2000,98.33
TMO,2001,-4.36
TMO,2002,-14.38
TMO,2003,23.65
TMO,2004,20.62
TMO,2005,1.52
TMO,2006,49.57
TMO,2007,27.7
TMO,2008,-38.94
TMO,2009,34.87
TMO,2010,16.55
TMO,2011,-20.35
TMO,2012,37.28
TMO,2013,72.49
TMO,2014,14.84
TMO,2015,11.23
TMO,2016,2.12
TMO,2017,32.61
TMO,2018,16.31
TMO,2019,48.45
TMO,2020,43.06
TMO,2021,41.7
TMO,2022,-14.42
TMO,2023,-3.79
TMO,2024,-4.14
TMO,2025,11.28
TMO,2026,-2.35
TSLA,2010,11.47
TSLA,2011,7.29
TSLA,2012,20.62
TSLA,2013,325.42
TSLA,2014,48.17
TSLA,2015,9.44
TSLA,2016,-4.35
TSLA,2017,43.49
TSLA,2018,3.83
TSLA,2019,34.89
TSLA,2020,720.05
TSLA,2021,44.81
TSLA,2022,-69.2
TSLA,2023,129.86
TSLA,2024,62.56
TSLA,2025,18.57
TSLA,2026,-1.75
UNH,2000,128.5
UNH,2001,20.14
UNH,2002,18.62
UNH,2003,35.81
UNH,2004,49.17
UNH,2005,43.52
UNH,2006,-12.91
UNH,2007,10.77
UNH,2008,-53.02
UNH,2009,10.64
UNH,2010,15.92
UNH,2011,38.28
UNH,2012,6.89
UNH,2013,40.27
UNH,2014,37.79
UNH,2015,18.64
UNH,2016,39.81
UNH,2017,38.61
UNH,2018,14.16
UNH,2019,22.78
UNH,2020,21.86
UNH,2021,45.69
UNH,2022,6.91
UNH,2023,3.04
UNH,2024,-4.74
UNH,2025,-32.96
UNH,2026,-14.71
VZ,2000,-13.92
VZ,2001,-2.77
VZ,2002,-16.98
VZ,2003,-9.01
VZ,2004,19.72
VZ,2005,-22.16
VZ,2006,33.47
VZ,2007,20.33
VZ,2008,-17.16
VZ,2009,1.56
VZ,2010,22.01
VZ,2011,16.08
VZ,2012,14.29
VZ,2013,15.92
VZ,2014,-0.26
VZ,2015,3.22
VZ,2016,21.62
VZ,2017,1.69
VZ,2018,10.01
VZ,2019,14.24
VZ,2020,0.44
VZ,2021,-7.71
VZ,2022,-20.75
VZ,2023,0.87
VZ,2024,9.71
VZ,2025,8.27
VZ,2026,11.78
WFC,2000,45.4
WFC,2001,-17.65
WFC,2002,10.35
WFC,2003,24.91
WFC,2004,10.33
WFC,2005,4.89
WFC,2006,15.05
WFC,2007,-12.61
WFC,2008,5.52
WFC,2009,-7.81
WFC,2010,14.23
WFC,2011,-11.23
WFC,2012,23.45
WFC,2013,33.32
WFC,2014,25.16
WFC,2015,2.07
WFC,2016,7.51
WFC,2017,11.41
WFC,2018,-22.37
WFC,2019,19.22
WFC,2020,-41.59
WFC,2021,63.75
WFC,2022,-16.7
WFC,2023,21.47
WFC,2024,46.15
WFC,2025,35.67
WFC,2026,-4.95
WMT,2000,-20.11
WMT,2001,7.43
WMT,2002,-12.52
WMT,2003,3.5
WMT,2004,1.95
WMT,2005,-11.19
WMT,2006,1.37
WMT,2007,1.87
WMT,2008,21.62
WMT,2009,-4.49
WMT,2010,1.73
WMT,2011,12.53
WMT,2012,15.88
WMT,2013,16.44
WMT,2014,11.56
WMT,2015,-26.65
WMT,2016,15.73
WMT,2017,47.54
WMT,2018,-3.28
WMT,2019,29.9
WMT,2020,23.22
WMT,2021,0.31
WMT,2022,-0.44
WMT,2023,11.46
WMT,2024,72.2
WMT,2025,24.97
WMT,2026,5.66
XOM,2000,13.4
XOM,2001,-9.86
XOM,2002,-9.56
XOM,2003,18.84
XOM,2004,29.23
XOM,2005,14.4
XOM,2006,33.61
XOM,2007,28.51
XOM,2008,-12.94
XOM,2009,-14.54
XOM,2010,8.6
XOM,2011,16.39
XOM,2012,3.19
XOM,2013,17.19
XOM,2014,-4.69
XOM,2015,-13.15
XOM,2016,20.64
XOM,2017,-4.47
XOM,2018,-16.48
XOM,2019,4.92
XOM,2020,-37.22
XOM,2021,56.51
XOM,2022,80.48
XOM,2023,-2.93
XOM,2024,8.67
XOM,2025,16.26
XOM,2026,15.29
^DJI,2000,-5.01
^DJI,2001,-5.87
^DJI,2002,-17.19
^DJI,2003,21.45
^DJI,2004,3.58
^DJI,2005,-0.11
^DJI,2006,14.9
^DJI,2007,6.34
^DJI,2008,-32.72
^DJI,2009,15.42
^DJI,2010,9.39
^DJI,2011,4.69
^DJI,2012,5.7
^DJI,2013,23.59
^DJI,2014,8.4
^DJI,2015,-2.29
^DJI,2016,15.24
^DJI,2017,24.33
^DJI,2018,-6.03
^DJI,2019,22.24
^DJI,2020,6.02
^DJI,2021,20.23
^DJI,2022,-9.4
^DJI,2023,13.74
^DJI,2024,12.8
^DJI,2025,13.38
^DJI,2026,1.05
^GSPC,2000,-9.27
^GSPC,2001,-10.53
^GSPC,2002,-23.8
^GSPC,2003,22.32
^GSPC,2004,9.33
^GSPC,2005,3.84
^GSPC,2006,11.78
^GSPC,2007,3.65
^GSPC,2008,-37.58
^GSPC,2009,19.67
^GSPC,2010,11.0
^GSPC,2011,-1.12
^GSPC,2012,11.68
^GSPC,2013,26.39
^GSPC,2014,12.39
^GSPC,2015,-0.69
^GSPC,2016,11.24
^GSPC,2017,18.42
^GSPC,2018,-7.01
^GSPC,2019,28.71
^GSPC,2020,15.29
^GSPC,2021,28.79
^GSPC,2022,-19.95
^GSPC,2023,24.73
^GSPC,2024,24.01
^GSPC,2025,16.65
^GSPC,2026,1.17
^IXIC,2000,-40.2
^IXIC,2001,-14.9
^IXIC,2002,-32.52
^IXIC,2003,44.66
^IXIC,2004,8.41
^IXIC,2005,2.47
^IXIC,2006,7.65
^IXIC,2007,9.46
^IXIC,2008,-39.57
^IXIC,2009,39.02
^IXIC,2010,14.92
^IXIC,2011,-3.21
^IXIC,2012,14.0
^IXIC,2013,34.2
^IXIC,2014,14.31
^IXIC,2015,5.94
^IXIC,2016,9.79
^IXIC,2017,27.16
^IXIC,2018,-5.3
^IXIC,2019,34.6
^IXIC,2020,41.75
^IXIC,2021,23.2
^IXIC,2022,-33.89
^IXIC,2023,44.52
^IXIC,2024,30.78
^IXIC,2025,20.54
^IXIC,2026,0.97
^RUT,2000,-2.6
^RUT,2001,5.62
^RUT,2002,-21.37
^RUT,2003,41.86
^RUT,2004,16.18
^RUT,2005,5.12
^RUT,2006,15.15
^RUT,2007,-2.72
^RUT,2008,-33.72
^RUT,2009,23.63
^RUT,2010,22.43
^RUT,2011,-7.22
^RUT,2012,12.9
^RUT,2013,33.23
^RUT,2014,4.69
^RUT,2015,-5.25
^RUT,2016,22.42
^RUT,2017,12.45
^RUT,2018,-13.0
^RUT,2019,23.05
^RUT,2020,18.48
^RUT,2021,15.39
^RUT,2022,-22.5
^RUT,2023,15.78
^RUT,2024,10.8
^RUT,2025,11.21
^RUT,2026,4.21
